asof_date,ticker,marketCap,sharesOutstanding,enterpriseValue,trailingPE,forwardPE,priceToBook,priceToSalesTrailing12Months,enterpriseToEbitda,dividendYield,returnOnEquity,returnOnAssets,profitMargins,grossMargins,operatingMargins,debtToEquity,currentRatio,revenueGrowth,earningsGrowth,beta,sector,industry,currency,country,salesGrowth
2026-06-09,ABI.BR,135238303744,1713251411,208157573120.0,22.254776,16.524939,1.8167707,2.2185125,10.556,1.69,,,0.11897001,0.56172,0.26685,75.033,,0.12,0.203,0.791,Consumer Defensive,Beverages - Brewers,EUR,Belgium,-0.0074956498460714
2026-06-09,AD.AS,31480705024,880579129,47034703872.0,14.186508,11.999906,2.128483,0.3446126,8.725,4.13,0.14973,0.045939997,0.02476,0.26613,0.040359996,131.305,0.772,-0.043,0.033,0.334,Consumer Defensive,Grocery Stores,EUR,Netherlands,0.033517239835715
2026-06-09,ADS.DE,29679343616,177348936,34296334336.0,21.677462,14.321143,4.9017315,1.1754194,13.888,1.7,0.22917,0.06625,0.055209998,0.51362,0.1071,93.747,1.351,0.071,0.133,1.202,Consumer Cyclical,Footwear & Accessories,EUR,Germany,0.0476291010429421
2026-06-09,ADYEN.AS,25957851136,31536692,15382687744.0,24.511612,17.427538,4.9112153,10.923357,12.851,,0.22329001,0.059169997,0.44712,0.68093,0.49539003,4.775,1.722,0.169,0.119,1.844,Technology,Software - Infrastructure,EUR,Netherlands,0.1892953858306139
2026-06-09,AI.PA,107197685760,636490255,117493637120.0,30.51087,23.81279,3.7132087,3.9790974,15.668,2.03,0.13357,0.06305,0.13058,0.64175004,0.19473,50.657,1.173,-0.034,0.053,0.644,Basic Materials,Specialty Chemicals,EUR,France,-0.0043462513582035
2026-06-09,AIR.PA,138347462656,787228125,137229467648.0,27.719244,20.502281,5.302477,1.9074779,17.929,1.81,0.19748,0.024820002,0.06913,0.15366,0.014780001,55.655,1.14,-0.066,-0.265,0.88,Industrials,Aerospace & Defense,EUR,Netherlands,0.0605228946988298
2026-06-09,ALV.DE,143332278272,379286270,119438278656.0,12.198193,11.429332,2.1750016,1.2410258,6.057,4.57,0.18706,0.0115,0.10426,0.24341999,0.19285999,,174.873,0.088,0.524,0.667,Financial Services,Insurance - Diversified,EUR,Germany,-0.0178424689346681
2026-06-09,ASML.AS,581364023296,385417665,578056159232.0,58.239384,36.38396,27.909557,17.254896,45.5,0.71,0.52236,0.15664,0.29713,0.52603,0.36020002,12.989,1.36,0.132,0.192,1.396,Technology,Semiconductor Equipment & Materials,EUR,Netherlands,0.1558368037250246
2026-06-09,BAS.DE,42911883264,884325217,64587108352.0,28.544117,16.495453,1.2432745,0.72525495,11.17,4.61,0.044109996,0.01721,0.02937,0.23423,0.07678,66.724,1.913,-0.03,0.166,0.731,Basic Materials,Chemicals,EUR,Germany,-0.0290838663476717
2026-06-09,BAYN.DE,34866233344,982424082,67406569472.0,,7.538041,1.2087463,0.77066076,6.636,0.31,-0.06928,0.03637,-0.04765,0.59918,0.26319,134.269,1.055,-0.024,1.129,0.845,Healthcare,Drug Manufacturers - General,EUR,Germany,-0.0221216152426726
2026-06-09,BBVA.MC,107564097536,5557432414,126108213248.0,10.634615,8.750554,2.015936,3.2983992,,4.74,0.19042999,0.013710001,0.33124,0.0,0.54861,,,0.119,0.133,0.885,Financial Services,Banks - Diversified,EUR,Spain,0.0045877405377852
2026-06-09,BMW.DE,41721856000,554226093,140817121280.0,6.1411977,5.6191354,0.43597978,0.3192136,9.601,6.31,0.0709,0.020539999,0.05217,0.13136,0.06553,112.684,1.173,-0.081,,0.739,Consumer Cyclical,Auto Manufacturers,EUR,Germany,-0.0626984126984127
2026-06-09,BN.PA,41905278976,641734719,49685295104.0,23.15603,15.591984,2.4710512,1.5359484,11.115,3.51,0.108430006,0.05074,0.06689,0.50618,0.13709,89.092,0.905,-0.005,-0.025,0.199,Consumer Defensive,Packaged Foods,EUR,France,-0.0033971361776738
2026-06-09,BNP.PA,102878486528,1100099307,,8.810377,7.25397,0.7896339,2.096096,,10.68,0.09575,0.00456,0.2545,0.0,0.35636002,,,0.093,0.12,1.051,Financial Services,Banks - Regional,EUR,France,0.0445422802489752
2026-06-09,CS.PA,81714757632,2034223504,78872281088.0,11.745613,9.025019,1.7503266,0.86296225,6.588,5.84,0.13415,0.0101,0.10346,0.14503999,0.10537,113.518,1.928,0.032,0.598,0.605,Financial Services,Insurance - Diversified,EUR,France,0.0257887703124091
2026-06-09,DB1.DE,44743426048,182105935,49411100672.0,21.878897,18.444756,4.266958,5.934929,15.185,1.72,0.19205,0.0065499996,0.27258,0.81231004,0.43556,65.438,1.011,0.085,0.122,0.28,Financial Services,Financial Data & Stock Exchanges,EUR,Germany,0.0509753666524277
2026-06-09,DG.PA,67624697856,550914048,94091960320.0,14.190752,12.104639,2.219189,0.8933013,7.603,4.04,0.15433,0.04315,0.064770006,0.17764,0.13137001,118.763,0.853,0.052,0.068,0.751,Industrials,Engineering & Construction,EUR,France,0.0403199208443272
2026-06-09,DHL.DE,57909649408,1119243239,79454953472.0,16.744337,14.072478,2.4666286,0.697337,10.153,3.67,0.15564999,0.047,0.04247,0.17523001,0.072280005,121.823,1.095,-0.019,0.072,1.127,Industrials,Integrated Freight & Logistics,EUR,Germany,-0.0158336104908063
2026-06-09,DTE.DE,134400270336,4838022420,302999404544.0,15.348067,11.135161,2.1201253,1.1021295,7.22,3.62,0.14428,0.053260002,0.07222,0.44491002,0.21365999,161.874,1.18,0.004,-0.272,0.293,Communication Services,Telecom Services,EUR,Germany,0.0280772471788099
2026-06-09,EL.PA,82700042240,460211714,91659403264.0,36.012024,21.371687,2.1403303,2.9026725,16.456,2.31,0.060700003,0.03387,0.08125,0.59738,0.10196,36.457,0.988,0.094,-0.077,0.534,Healthcare,Medical Instruments & Supplies,EUR,France,0.0748076052512449
2026-06-09,ENEL.MI,96265584640,9923263654,179783172096.0,25.528948,12.951763,3.980714,1.2356316,8.857,5.43,0.10637999,0.04715,0.052360002,0.38531,0.19259001,139.941,0.809,-0.067,-0.053,0.904,Utilities,Utilities - Diversified,EUR,Italy,-0.0452518790074877
2026-06-09,ENI.MI,67855290368,2934282723,94997684224.0,23.125,9.927748,1.3846476,0.8032208,7.898,4.55,0.059109997,0.02246,0.029679999,0.20799999,0.042919997,67.357,1.16,-0.126,0.01,0.225,Energy,Oil & Gas Integrated,EUR,Italy,-0.0748448708852776
2026-06-09,IBE.MC,134785228800,6757845603,201727819776.0,24.93125,18.613224,2.712867,3.0977492,14.472,3.44,0.09969,0.03601,0.13771,0.53907,0.21564,94.885,0.822,-0.045,-0.186,0.584,Utilities,Utilities - Diversified,EUR,Spain,0.0253093886666047
2026-06-09,IFX.DE,98320146432,1299499659,104461148160.0,92.268295,29.273958,5.854225,6.501365,26.005,0.45,0.0631,0.04901,0.072340004,0.41162,0.46667,47.645,1.591,,,1.978,Technology,Semiconductors,EUR,Germany,-0.0195921096623202
2026-06-09,INGA.AS,72094711808,2867729153,197271715840.0,11.479451,8.940764,1.4215437,2.9290123,,4.28,0.16565001,0.00784,0.34228,0.0,0.41676,,,0.029,0.137,0.902,Financial Services,Banks - Diversified,EUR,Netherlands,0.0154739735745321
2026-06-09,ISP.MI,98402811904,17428766031,208081141760.0,10.455555,9.109684,1.4308159,3.8280094,,6.79,0.14007,0.00997,0.36828,0.0,0.67370003,,,0.06,0.067,0.843,Financial Services,Banks - Regional,EUR,Italy,0.0304486021816079
2026-06-09,ITX.MC,173492518912,3114766768,168811626496.0,27.85,23.369976,9.141638,4.3007565,17.745,1.19,0.33955002,0.14310001,0.15592,0.56477,0.20069,31.815,1.291,0.058,0.053,0.914,Consumer Cyclical,Apparel Retail,EUR,Spain,0.0318984776172526
2026-06-09,KER.PA,31292356608,122618951,46352711680.0,,25.73582,2.12789,2.132358,18.228,1.2,0.0025,0.02412,0.00491,0.72641,0.111140005,119.652,1.336,,,0.976,Consumer Cyclical,Luxury Goods,EUR,France,-0.1303188337086642
2026-06-09,MBG.DE,45669437440,957330201,128434315264.0,9.372298,6.309885,0.48971403,0.34971085,11.593,7.24,0.05282,0.01666,0.03738,0.15545,0.05965,104.519,1.389,-0.049,-0.145,0.658,Consumer Cyclical,Auto Manufacturers,EUR,Germany,-0.0918993914584391
2026-06-09,MUV2.DE,58376216576,127961889,59270332416.0,8.73779,8.665704,1.6871865,0.95149654,,5.35,0.19848,0.02269,0.10974,0.36108002,0.15464,21.718,0.289,-0.06,0.608,0.335,Financial Services,Insurance - Reinsurance,EUR,Germany,-0.0327828138581894
2026-06-09,NDA-FI.HE,54045528064,3393753656,228254629888.0,11.7095585,10.230433,1.797607,4.667144,,5.97,0.15729,0.00713,0.40639,0.0,0.47864,,,0.014,-0.086,0.626,Financial Services,Banks - Regional,EUR,Finland,-0.0265802807542154
2026-06-09,NOKIA.HE,66822934528,5582534171,69565202432.0,85.5,30.503809,3.1608133,3.341815,27.42,1.08,0.037249997,0.027560001,0.039809998,0.45359,0.05292,15.63,1.567,0.024,,0.781,Technology,Communication Equipment,EUR,Finland,0.0348074921956296
2026-06-09,OR.PA,205266993152,533784939,204111790080.0,33.643917,26.049887,5.872606,4.6596518,20.629,1.9,0.18003,0.09396,0.13909,0.74318004,0.19198999,34.042,1.445,0.01,0.004,0.889,Consumer Defensive,Household & Personal Products,EUR,France,0.0129970473798946
2026-06-09,PRX.AS,84929667072,2131765917,83884408832.0,7.9520955,10.26336,1.8711948,12.434797,201.645,0.51,0.26021,0.00239,1.96384,0.45212,0.06404,32.146,3.661,0.223,0.95,0.785,Consumer Cyclical,Internet Retail,EUR,Netherlands,0.1285897201390158
2026-06-09,RACE.MI,54329769984,176080931,55078789120.0,34.32147,29.336123,13.453238,7.5425625,22.779,1.18,0.41968,0.13083,0.22187,0.51609004,0.29479,72.246,2.569,0.032,0.013,0.595,Consumer Cyclical,Auto Manufacturers,EUR,Italy,0.0702595965532508
2026-06-09,RI.PA,15959674880,251809312,27886911488.0,11.317858,10.77142,1.0307703,1.5902426,9.683,7.57,0.08565,0.041550003,0.14059,0.5836,0.30535,82.292,2.344,-0.149,-0.18,0.459,Consumer Defensive,Beverages - Wineries & Distilleries,EUR,France,-0.0550957061562338
2026-06-09,RMS.PA,174548189184,104802270,162376253440.0,38.678585,32.268806,9.26776,10.907898,23.062,1.1,0.25207,0.17656,0.28271,0.7111,0.41403,12.268,4.994,0.039,0.018,0.99,Consumer Cyclical,Luxury Goods,EUR,France,0.0547791694133157
2026-06-09,SAF.PA,122805657600,415445364,122339844096.0,17.216074,24.059555,8.305238,3.9374669,20.718,1.14,0.55648,0.04879,0.23010999,0.48036,0.13232,34.448,0.929,0.125,,0.974,Industrials,Aerospace & Defense,EUR,France,0.1253066820609034
2026-06-09,SAN.MC,150810558464,14387573546,245277212672.0,11.911365,8.639961,1.437663,3.1834035,,2.36,0.12886,0.0077600004,0.34098998,0.0,0.43257,,,0.046,0.674,0.95,Financial Services,Banks - Diversified,EUR,Spain,-0.004676229168394
2026-06-09,SAN.PA,92207980544,1196884513,107138015232.0,19.454546,8.559249,1.2741888,1.9472058,8.353,5.37,0.06576,0.04666,0.15954,0.72357005,0.20002002,27.372,1.005,0.06,-0.117,0.275,Healthcare,Drug Manufacturers - General,EUR,France,0.0548706137379759
2026-06-09,SAP.DE,180621377536,1167559048,182192291840.0,24.791668,18.119019,4.051117,4.83695,15.701,1.58,0.16350001,0.09082,0.19584,0.73719,0.30025998,17.331,1.069,0.06,0.093,0.727,Technology,Software - Application,EUR,Germany,0.0767790262172285
2026-06-09,SGO.PA,36731564032,486768672,47731445760.0,13.055363,10.749594,1.5150177,0.79021496,7.047,3.09,0.11723,0.05296,0.06202,0.27836,0.10729,72.038,1.268,-0.021,0.069,1.212,Industrials,Building Products & Equipment,EUR,France,-0.0018895879409933
2026-06-09,SIE.DE,201593061376,762743366,257481539584.0,27.331953,20.680119,3.1487525,2.5294302,21.739,2.0,0.12593001,0.03542,0.09688,0.38845003,0.12725,76.352,1.393,-0.0,-0.086,1.29,Industrials,Specialty Industrial Machinery,EUR,Germany,0.0392993546687738
2026-06-09,STLAM.MI,17480665088,2897507765,35443662848.0,,3.9137459,0.31489116,0.11217995,-33.982,11.13,-0.30152,-0.016280001,-0.13866,0.057919998,0.02725,78.657,1.035,0.065,,0.972,Consumer Cyclical,Auto Manufacturers,EUR,Netherlands,-0.0214816609084766
2026-06-09,SU.PA,148229963776,562649251,163648618496.0,33.013786,22.961727,6.120766,3.6917207,20.644,1.55,0.15613,0.0678,0.10368,0.42078,0.17626,81.411,1.191,0.042,-0.062,1.153,Industrials,Specialty Industrial Machinery,EUR,France,0.0523943071318113
2026-06-09,TTE.PA,169854550016,2221191979,202085679104.0,13.071795,9.10263,1.6828649,0.92331827,5.513,4.65,0.12512,0.04892,0.08201,0.38448003,0.20353001,51.304,1.076,0.034,0.571,0.045,Energy,Oil & Gas Integrated,EUR,France,-0.0678186186800265
2026-06-09,UCG.MI,107306631168,1498277375,127347621888.0,9.837913,8.679697,1.566663,4.214052,,4.39,0.16984,0.01345,0.44619998,0.0,0.62253,,,0.064,0.201,1.073,Financial Services,Banks - Regional,EUR,Italy,-0.0579404793257835
2026-06-09,VOW3.DE,43753050112,206205445,264109047808.0,7.148239,3.47659,0.25145128,0.13672316,12.087,5.98,0.03105,0.0128999995,0.0212,0.14047,0.04413,137.093,1.07,-0.025,-0.295,0.976,Consumer Cyclical,Auto Manufacturers,EUR,Germany,-0.0084458887126334
