ticker,returnOnEquity,returnOnAssets,profitMargins,operatingMargins,grossMargins,currentRatio,debtToEquity,earningsGrowth,salesGrowth,marketCap,trailingPE,priceToBook,priceToSalesTrailing12Months,enterpriseValue,enterpriseToEbitda,dividendYield,forwardPE,beta,sector
ABI.BR,0.07483671408668532,0.028334712563577676,0.09796212019809931,0.25545442377191807,0.5525364743675546,0.6955482973447046,92.24535705612435,0.0962366598015354,0.006534186594812974,99712144200.0,17.048424657534245,1.2744883392768127,1.6683199069736314,160807144200.0,7.943447154712508,0.02679713711341492,,,Consumer Defensive
AD.AS,0.11414520512488677,0.034026465028355386,0.01974103875465828,0.02632138500621104,0.26640330360240383,0.8350195447229248,131.45463957551442,-0.05869797225186768,0.007020984064732838,31247662800.0,17.72042328042328,2.0219789569043614,0.34969462716966776,45405662800.0,7.0048847269361305,0.033186482030265634,,,Consumer Defensive
ADS.DE,0.13951789627465302,0.03698862260953764,0.032259426592914746,0.05451167504116877,0.5077481737955496,1.2409048264359428,102.02702702702702,-11.186666666666667,0.10528772109954732,31908651927.652496,41.75151869158878,5.826999986788258,1.3473230556792846,35365651927.6525,14.073080751154993,0.00391743281049342,,,Consumer Cyclical
ADYEN.AS,0.21863588626698088,0.08097509041135888,0.41569131214445,0.3920343314008216,0.8931407741100045,1.551525949324971,5.394179496559632,0.3248372527286838,0.1943725629304618,43475694759.799995,46.99560662385941,10.2742403823776,19.53436162178216,33972077759.799995,25.017491849597878,,,,Technology
AI.PA,0.12308637379002234,0.0637412637971755,0.12218657836187717,0.1906067751258417,0.6301177479322044,0.880146771965711,46.141474311243485,0.07410656270305394,-0.01991480606789431,100111124068.8276,30.280730769230768,3.727145348802219,3.6998988856753914,110589424068.8276,15.5514433666368,0.017161928966243408,,,Basic Materials
AIR.PA,0.21585229011527082,0.03275212246445791,0.061129568106312294,0.06939188213202369,0.15419615773508594,1.1453078864457384,57.50790574313985,0.1169173924518343,0.05781865965834432,145868641987.26248,34.4696261682243,7.4400001013599155,2.1070149066483097,142140641987.26248,15.487104160738994,0.01518489491520335,,,Industrials
ALV.DE,0.1647287143165193,0.009507188548868539,0.07096257869050426,,,,57.788577968716304,0.16274440931975187,0.1694702800270751,131023937993.025,13.390933280381255,2.1733365069256223,0.93623970498135,134225937993.025,,0.04389274271626725,,,Financial Services
ASML.AS,0.4097895739521995,0.1558275845036798,0.2678989063401137,0.31923829472559434,0.512757006535069,1.532930368951794,25.370193972982335,-0.03411149381298639,0.02556017199775029,264579888000.00003,34.937889812889814,14.3195730862487,9.36138499587799,256531588000.00003,25.33995693231657,0.009270923873094994,,,Technology
BAS.DE,0.03646169836231355,0.016141267176521795,0.02112527057598099,0.04833748352131244,0.24769298374102827,1.832971418510476,67.40357875221214,4.768888888888889,-0.10825520304200165,37914640941.1,29.216620689655173,1.0650479210399169,0.6170701453558582,58995640941.1,7.819170436196156,0.08661561651346401,,,Basic Materials
BAYN.DE,-0.07997994233421085,-0.023022101939557962,-0.054756898253443764,0.07138565849890573,0.5436209930051925,1.1896932854379663,127.5448163469976,-0.1322679360761646,-0.02164284064907529,27674083706.0,-10.834346153846154,0.8673086281183403,0.5937880038192508,62180083706.0,7.060302453275804,0.0047336707293256465,,,Healthcare
BBVA.MC,0.18065188486002803,0.013016538020357274,0.25625079648273225,,,,136.4322420670572,0.25377229080932784,0.17375175756125283,86480194500.0,8.922916666666667,1.5538900079059907,2.2041594112399645,102529194500.0,,0.04524735429451422,,,Financial Services
BMW.DE,0.07896874830742566,0.027228721258572005,0.05120101137800253,0.08002528445006321,0.16080207894367188,1.0991914607305364,92.6220007582733,-0.354295837023915,-0.08436121364905014,52148473241.6909,7.153726333907057,0.5648970724334171,0.3662626298756209,118365473241.69092,5.861417908373324,0.07250451959497102,,,Consumer Cyclical
BN.PA,0.11357122787299803,0.044621566722600016,0.07382378725891292,0.1266072472238457,0.49704120397428403,0.9311098164870376,79.74711997752178,1.293984108967083,-0.008798291031536287,46528977281.342995,23.06741214057508,2.6147219601766225,1.6996265809958722,59244977281.342995,12.428147111672539,0.028971193410273294,,,Consumer Defensive
BNP.PA,0.09121487158275908,0.004321034208926884,0.17744041293456808,,,,296.47564715890024,0.06496583143507983,0.10270360760023434,81633355398.00981,7.526792058516197,0.6370787157340175,1.2393100865038684,153482355398.00983,,,,,Financial Services
CS.PA,0.1579000060068478,0.012062493690364384,0.07636884817260949,,,,125.04254850529604,0.09695367923216014,0.05724319398798006,81603261621.422,10.347865761651844,1.6339279102461204,0.7902545139685654,125065261621.422,,0.05459340609040681,,,Financial Services
DB1.DE,0.18085600222820536,0.008770350093646448,0.277374341449523,0.4060942617115193,0.5832265413640895,1.0177593470918178,88.97038343700677,0.12993039443155463,0.15204803070815776,44796828578.9412,22.98320415879017,4.159022242961767,6.378588719769501,51977828578.9412,15.180440589644043,0.015581460164528854,,,Financial Services
DG.PA,0.16238688349417305,0.03755473353360465,0.06682882585751979,0.11788148636763413,0.5818903913808268,0.8527792415459815,121.08391491635221,0.03424074861760951,0.041253487872934036,65129818602.2848,13.392930011862397,2.174836163965833,0.895033786860774,86191818602.28479,6.742163532719398,0.03945965235514785,,,Industrials
DHL.DE,0.1400411885848779,0.04768515205724508,0.0395780871383095,0.06328692925357533,0.1562574238608828,0.951631949364697,94.32185937040306,-0.09333333333333338,0.029721862080774875,44423508528.273,13.30896797153025,1.867083113868491,0.5276703155826603,64723508528.273,5.986266049599797,0.048825499647772226,,,Industrials
DTE.DE,0.17708859959555107,0.03675877402979005,0.09737557661735195,0.21030136129475027,0.6113229839024941,1.0562503552953215,229.3130687563195,-0.3698560827524173,0.03416645703812837,145639890600.0,12.992819383259912,2.300933559782609,1.2652126260739633,282629890600.0,5.27097893696382,0.0383960738844444,,,Communication Services
EL.PA,0.05842579750346741,0.03669938860280963,0.08899200241436547,0.1300362154821186,0.6339595593783008,1.1063759497852659,32.73231622746186,0.030581039755351647,0.04382752510336685,117740672254.957,49.89296296296296,2.916105415468521,4.441703344460427,128705672254.957,19.52156412178932,0.009877640221737706,,,Healthcare
ENEL.MI,0.20799857697666835,0.03749084904803381,0.09930784582938187,0.15359028436354372,0.541111693017594,0.8288398610804408,208.56778630932968,1.0407213496218732,-0.1436381047042995,77763459104.1451,11.083731343283581,2.305400346984824,1.100701483448387,140064459104.14508,6.361650502073174,0.06591784957938894,,,Utilities
ENI.MI,0.04971109216633513,0.017857750495103412,0.029550547878869782,0.07492370237733256,0.11355113348423933,1.1376787237893322,69.79823813583404,-0.45001047998323207,-0.0524984794647716,44329810080.0,17.593205128205128,0.8398183211139529,0.4992264387310382,73043810080.0,3.1663188729463783,0.06920850764899104,,,Energy
IBE.MC,0.11908753315649867,0.03545324177316748,0.13054805992369964,0.2249930213082721,0.5399413789894855,0.6912969906101729,122.50610079575597,0.16843639392046628,-0.12865105908584173,100757893261.6475,23.552018633540374,2.1380985307511406,2.343860920760387,154406893261.64752,10.163697555400706,0.011572294360821321,,,Utilities
IFX.DE,0.07555607178117196,0.0454275638115856,0.08699431628217988,0.17158141089936477,0.4175860916081578,1.9030314807617568,30.013357337824498,-0.5852725533949634,-0.08302164449077198,41538280500.0,32.81453608247423,2.412351501248621,2.7775513540621866,44900280500.0,10.74169389952153,0.010977825622801116,,,Technology
INGA.AS,0.12704470017689265,0.006263320088776095,0.28340870798971357,,,,340.5223302128674,-0.12282146287909979,-0.005292405398253486,64283094130.0,10.055505050505051,1.2776637077892394,2.850185959475038,165257094130.0,,0.060342459436620775,,,Financial Services
ISP.MI,0.1329630538848656,0.009285480855258576,0.31301018565339883,,,,224.88032404566098,0.12195753495598138,0.08931381806735916,88900874039.86581,10.258587972223078,1.3640124284992299,3.211040744053522,185450874039.8658,,0.0655786578362059,,,Financial Services
ITX.MC,0.29812970115877213,0.16898081465691075,0.15184303168357838,0.19861772623731622,0.5783547318285359,1.605575733778345,30.031510469607642,0.09013194573499339,0.07469329846718775,129193582363.9314,22.024136097820307,6.566049113840791,3.344211595670206,128720582363.9314,11.759600069790919,0.037130327313682716,,,Consumer Cyclical
KER.PA,0.0760198604401503,0.02613851335763392,0.06714471968709257,0.1446011615503141,0.7345027853502429,1.2196851214680429,135.14492753623188,-0.62018102581294,-0.1375856076868036,28865138626.6985,25.466287878787877,1.9367376963700014,1.7106281039882958,45489138626.6985,10.578869448069419,0.05944887437376809,,,Consumer Cyclical
MBG.DE,0.1101970310391363,0.03851552771593525,0.07010591095786914,0.0844883717735621,0.19627182438836765,1.3600486461924999,100.4502024291498,-0.28427179019704085,-0.044596102106437385,49153911600.0,4.814111874386653,0.5306765085020243,0.3376094591810102,127684911600.0,5.937452294815159,0.1116086150913776,,,Consumer Cyclical
MUV2.DE,0.17391834619020033,0.0199132808736149,0.08853843288215572,,,,19.273104247339695,0.23838471558836294,0.08246521943679008,67397394653.6974,11.81414628464943,2.0549865735798214,1.046153524365103,64447394653.6974,,0.02976376179386856,,,Financial Services
NDA-FI.HE,0.15596867677888765,0.008115760682115327,0.42021762604867513,,,,608.3086693797017,0.025334414268342043,0.025730595552526214,43550326000.0,8.62861111111111,1.3426540263904305,3.6174371625550297,190224326000.0,,0.0738915249451864,,,Financial Services
NOKIA.HE,0.061819238030691774,0.032618968556029526,0.06644120707596254,0.08272632674297607,0.46118626430801246,1.578637879585747,22.994626518855593,0.9203007518796993,-0.09073706121676606,21049475018.0,16.547826086956523,1.0189996135934551,1.0951860050988553,19176475018.0,5.589179544739143,0.03434764997140034,,,Technology
OR.PA,0.19342172376430963,0.11372339557151831,0.14737115630490172,0.19977326453084615,0.7418297046460075,1.1255465974309922,25.638858791608442,0.036335705045278166,0.05595337825532698,211430351735.4189,33.004343096234315,6.381204158216021,4.861943204269316,215873051735.4189,20.227036939369306,0.017097356033932334,,,Consumer Defensive
PRX.AS,0.16010664081434803,0.1068568932886883,1.208340954819828,-0.03036400219498811,0.40643863179074446,4.773760554232518,39.35530780416869,-0.3467167721518988,0.10511421063270676,137090288563.617,20.9001581027668,3.3225954571889726,25.075962788296508,151153288563.617,19.508684636501936,0.0014515980824393237,,,Consumer Cyclical
RACE.MI,0.4306452334019818,0.16024572013529118,0.22793959501955166,0.2815035883168071,0.5013256612430033,1.7767763062655229,94.84830837822649,0.21551010823866168,0.1183424994966622,72770135628.0,47.78918439716311,20.591750872254412,10.899169410250742,74379809628.0,28.65404966894433,0.0060453096067988,,,Consumer Cyclical
RI.PA,0.09372023620547336,0.037667474799030244,0.1272633212622866,0.2680634592171064,0.6013967925504398,1.8589973760530314,86.46898215759731,-0.3474801061007957,-0.04440965642250971,22530670425.6546,15.263773584905659,1.4306095895393103,1.9426341115411794,33465670425.654602,10.497387210054768,0.05361580357699912,,,Consumer Defensive
RMS.PA,0.26565475846944075,0.19940218333044532,0.3034278180619644,0.41081081081081083,0.702636783124588,4.2645356847616425,12.546892133664223,0.06773370447691951,0.12981306323080366,212339936851.8768,46.12739685434238,12.254858709059665,13.997359054177773,202871936851.8768,27.658069100460366,0.01273900727345013,,,Consumer Cyclical
SAF.PA,-0.06554638364779874,-0.012124627354031848,-0.02406552172030596,0.143960167412325,0.4788208976764324,0.84196047008547,49.70518867924528,-1.193670150987224,0.17187433935140173,116243692883.31151,-172.6846875,11.423318876111587,4.19410062358607,114787692883.31151,169.8042794131827,0.007836984333545613,,,Industrials
SAN.MC,0.1275240616220931,0.0068445539418240135,0.20850675731697205,,,,332.3728968266042,0.13524738172625494,0.063824157214176,125868112271.88281,10.527604166666666,1.2765399161457065,2.0871919786399604,235699112271.8828,,0.023969534026879624,,,Financial Services
SAN.PA,0.07173545615234753,0.04186810042319915,0.12554757711240572,0.20148579686582668,0.7018245043580364,1.4603936629860779,23.102429457984442,0.029629629629629672,0.06410687683214,93780041140.0,16.32681917211329,1.2099557606409743,2.1176001702569662,104245041140.0,9.487171563523844,0.05015992681190671,,,Healthcare
SAP.DE,0.06875302610150094,0.042081441868609994,0.09140917602996254,0.22846441947565543,0.7295177902621723,1.1215281417042238,23.440732426603283,-0.49112233262746374,0.09513891114173112,267392720000.00003,85.51094339622642,5.884781900611823,7.823991104868915,268434720000.0,40.73982698436789,0.009592632140471138,,,Technology
SGO.PA,0.11314899542470658,0.046080559966298326,0.061068046638465996,0.10725558824160958,0.2766313800433746,1.345002108814846,70.97274716530734,0.06556762832521534,-0.0286375771733689,45480450979.238396,16.001914893617023,1.8094470252332764,0.9765830877421227,54859450979.238396,7.321426795574322,0.022976904966862298,,,Industrials
SIE.DE,0.16192649812734083,0.056159175168457226,0.10932437771631766,0.12508889766890557,0.3927696562623469,1.3971489080682258,93.4749531835206,0.0442822996603347,0.01399535268822949,180433754377.5,21.75804431599229,3.519697143755852,2.3763170601540895,219196754377.5,13.555767122912801,0.02055602075562925,,,Industrials
STLAM.MI,0.066995544239338,0.026362309556036165,0.03488698224097706,0.03464475579749869,0.13078953071813765,1.0850158274146782,45.5699456495128,-0.7056893955689396,-0.17233993162537453,22681700040.0,4.142391304347826,0.2776489746854037,0.14458177717716952,25808700040.0,2.019302092168062,0.2050551762785767,,,Consumer Cyclical
SU.PA,0.1400177113057168,0.06473772803785087,0.11189159437003643,0.17220139962781433,0.42638848845438104,1.226020747100005,48.64377316409197,0.06645016237821633,0.06269845691047848,124909096823.53601,29.259567333025846,4.096857778987045,3.273899741135324,132853096823.53601,16.448322003656806,0.015715428659076828,,,Industrials
TTE.PA,0.13370327003682397,0.05519690914122184,0.08055825366801288,0.12322989622207453,0.28389141659424366,1.0978967712596635,43.479441361638585,-0.2630939019827909,-0.10657927790084265,114882366357.7304,7.34490284005979,0.9747523830179572,0.5873031356154103,140282366357.7304,3.3181722061104244,0.06717305923147644,,,Energy
UCG.MI,0.15565093448215114,0.012396620425405992,0.36566462244629216,,,,196.54393747697827,0.022299358367518618,0.048067823343848515,102774897770.03601,10.850320013838438,1.6459521431437036,3.8667706749703155,171181897770.036,,0.048163511785493315,,,Financial Services
VOW3.DE,0.0622675458325562,0.017934761141087524,0.03496326870062066,0.0667292972540081,0.18318214720241488,1.1298937057395215,107.80387725322831,-0.3133922090491169,0.007356865373397303,48216032151.6027,4.5029447565543075,0.2644959908258237,0.14851467604565677,204440032151.6027,3.9620929117153953,0.11985639925387154,,,Consumer Cyclical
